,sku,venture_code,id_catalog_config,image_url,activated_at,brand,category_id,created_at,short_description
0,9D7C4AA17D2FC2GS,hk,4925004,https://zstatichk01-a.akamaihd.net/p/something-borrowed-5148-4005294-1.jpg,2018-06-26 17:24:44,Something Borrowed,371.0,2018-05-15 01:03:54,- Floral printed maxi dress with striped elasticated waistband and slit hem>- V-neckline>- Lined>- Slim fit>- Zip fastening>- Rayon>- Model wears an S and is 171cm tall
1,10DEFAA7D6DD0CGS,hk,4925005,https://zstatichk01-a.akamaihd.net/p/something-borrowed-6703-5005294-1.jpg,2018-06-26 21:00:10,Something Borrowed,372.0,2018-05-15 01:03:54,- Floral mini halter dress with frills>- Halter neckline>- Lined>- Regular fit>- Button and zip fastening>- Polyblend>- Model wears an S and is 171cm tall
8,6EEE4AA84363CEGS,hk,4925058,https://zstatichk01-a.akamaihd.net/p/halo-4482-8505294-1.jpg,2018-05-15 11:21:22,Halo,675.0,2018-05-15 11:18:08,- Inner lining />- Elasticated waistline />- Slim fit
12,9CFC7AA8457093GS,hk,4925103,https://zstatichk01-a.akamaihd.net/p/burton-menswear-london-4752-3015294-1.jpg,2018-05-23 15:52:02,Burton Menswear London,6712.0,2018-05-15 11:54:10,- Solid tone chino shorts>- Mid rise>- Unlined>- Regular fit>- Button and zip fastening>- 2 front side pockets>- 1 back button pocket>- Cotton blend>- Model wears a size 32 and is 188cm tall
22,FE24EAA1F8AF5DGS,hk,4925223,https://zstatichk01-a.akamaihd.net/p/cotton-on-5006-3225294-1.jpg,2018-05-23 15:52:25,Cotton On,24.0,2018-05-15 12:49:58,- Solid toned tee>- V neckline>- Unlined>- Regular fit>- 1 pocket>- Cotton>- Model wears an S and is 171cm tall
44,4FC7BAADBE58F2GS,hk,4925406,https://zstatichk01-a.akamaihd.net/p/topshop-7523-6045294-1.jpg,2018-05-29 11:06:57,TOPSHOP,785.0,2018-05-15 17:00:01,- Bleached denim raw hem shorts>- Mid rise>- Regular fit>- Front zip and button fastening>- Four-pocket style>- Cotton>- Model wears a UK 10 and is 171cm tall
50,03DEEAA8E2D03DGS,hk,4925433,https://zstatichk01-a.akamaihd.net/p/topshop-7760-3345294-1.jpg,2018-05-25 13:59:58,TOPSHOP,3370.0,2018-05-15 17:00:06,- Floral embroidery bardot mini dress with multi-coloured tassels>- Unlined>- Bardot neckline>- Regular fit>- Cotton blend>- Model wears a UK 10 and is 176cm tall
58,1D67CAC8FC677AGS,hk,4925505,https://zstatichk01-a.akamaihd.net/p/nuveau-2020-5055294-1.jpg,2018-05-24 13:07:10,NUVEAU,4830.0,2018-05-15 17:14:27,- Silver tone watch with mesh strap>- Analogue two-hand movement>- Stainless steel strap>- Stainless steel case>- Roman numeral and notch indices>- Clasp fastening
64,DCB51SHC1707B0GS,hk,4925565,https://zstatichk01-a.akamaihd.net/p/asics-6630-5655294-1.jpg,2018-07-20 18:11:07,Asics,6746.0,2018-05-15 19:04:44,- Multi texture lace up running shoes>- Synthetic fiber and synthetic leather upper>- Textile insole>- Rubber outsole>- Lace up fastening>- Round toe
71,42D80AAC473D89GS,hk,4925632,https://zstatichk01-a.akamaihd.net/p/onitsuka-tiger-2252-2365294-1.jpg,2018-10-22 11:35:01,Onitsuka Tiger,1436.0,2018-05-15 19:21:34,- Short sleeved tee with graphic details>- Crew neckline>- Unlined>- Regular fit>- Cotton>- Model wears an M and is 186cm tall
72,6087CSHF981158GS,hk,4925638,https://zstatichk01-a.akamaihd.net/p/onitsuka-tiger-6494-8365294-1.jpg,2018-10-19 23:39:11,Onitsuka Tiger,413.0,2018-05-15 19:21:34,- Solid tone perforated casual sneakers with contrast detail>- Cow leather upper>- Textile insole>- Rubber outsole>- Round toe>- Lace fastening
76,BF508SH0E090C0GS,hk,4925680,https://zstatichk01-a.akamaihd.net/p/onitsuka-tiger-4084-0865294-1.jpg,2018-08-07 13:19:39,Onitsuka Tiger,12.0,2018-05-15 19:21:38,- Solid toned leather sneakers with side lined details>- Cow leather upper>- Cow leather and synthetic insole>- Rubber outsole>- Round toe>- Lace up fastening
78,6EA1EAA14381A7GS,hk,4925693,https://zstatichk01-a.akamaihd.net/p/indikah-2622-3965294-1.jpg,2018-05-28 12:31:21,INDIKAH,420.0,2018-05-16 02:08:27,- Solid tone mini skirt with ruffle hem detail>- Lined>- Mid rise>- Regular fit>- Back zip and waist tie fastening>- Polyester>- Model wears a UK 8 and is 174cm tall
82,7AF29AAEE0CEB1GS,hk,4925737,https://zstatichk01-a.akamaihd.net/p/paper-dolls-8362-7375294-1.jpg,2018-05-23 15:52:32,Paper Dolls,1761.0,2018-05-16 12:05:18,- Multi tone floral bodycon dress with cross ruffle hem>- Round neckline>- Lined>- Slim fit>- Zip fastening>- Polyblend>- Model wears a UK 8 and is 171cm tall
83,31E5DAAF183B86GS,hk,4925741,https://zstatichk01-a.akamaihd.net/p/paper-dolls-5314-1475294-1.jpg,2018-05-25 14:00:29,Paper Dolls,674.0,2018-05-16 12:05:18,- Floral printed peplum hem dress>- Unlined>- Off shoulder neckline>- Regular fit>- Zip fastening>- Polyblend>- Model wears a UK 8 and is 173cm tall
91,A6799AA17708D3GS,hk,4925780,https://zstatichk01-a.akamaihd.net/p/dorothy-perkins-7943-0875294-1.jpg,2018-05-24 17:35:16,Dorothy Perkins,1768.0,2018-05-16 12:19:12,- Solid tone joggers with side stripe detail>- Mid rise>- Unlined>- Regular fit>- Elasticised waistband with exterior drawstring fastening>- Cotton blend>- Model wears a UK 8 and is 173cm tall
105,36CABAA3FB1F94GS,hk,4925874,https://zstatichk01-a.akamaihd.net/p/dorothy-perkins-8620-4785294-1.jpg,2018-05-23 15:52:05,Dorothy Perkins,372.0,2018-05-16 12:19:20,- Solid coloured shirt dress with waist tie>- Collared neckline>- Unlined>- Regular fit>- Button fastening>- Waist tie>- Polyester>- Model wears a UK 8 and is 174cm tall
122,A8250AAB757B3EGS,hk,4926053,https://zstatichk01-a.akamaihd.net/p/esprit-0623-3506294-1.jpg,2018-06-04 12:01:57,ESPRIT,434.0,2018-05-17 12:15:08,- Solid toned polo shirt with striped >- Collar neckline>- Unlined>- Regular fit>- Button fastening>- Cotton>- Model wears an M and is 188cm tall
164,6450ESH8437223GS,hk,4926455,https://zstatichk01-a.akamaihd.net/p/topshop-3931-5546294-1.jpg,2018-06-05 15:56:15,TOPSHOP,2219.0,2018-05-18 13:47:03,- Solid tone satin weaved design slider sandals>- Textile upper>- Synthetic insole>- Synthetic outsole
170,E5D6BAA8722421GS,hk,4926594,https://zstatichk01-a.akamaihd.net/p/glamorous-3049-4956294-1.jpg,2018-05-29 11:06:52,Glamorous,672.0,2018-05-18 15:17:50,- Solid toned mini dress with flamingo embroidered>- Lined>- Scoop neckline>- Regular fit>- Viscose>- Model wears an S and is 176cm tall
173,501D4AAA8FAD33GS,hk,4926642,https://zstatichk01-a.akamaihd.net/p/solid-2616-2466294-1.jpg,2018-05-28 12:31:22,!Solid,29.0,2018-05-18 15:17:57,- Striped shorts with all-over print>- Medium rise>- Regular fit>- Button &amp; zip fastening>- 5-pocket style>- Belt loops>- Cotton>- Model wears an M and is 188cm tall
174,2487AAA09D8CDFGS,hk,4926672,https://zstatichk01-a.akamaihd.net/p/bysi-8859-2766294-1.jpg,2018-06-18 09:26:22,BYSI,1768.0,2018-05-18 16:59:04,- Wide leg pants with floral print>- Medium rise>- Relaxed fit>- Side zip fastening>- Flared hem>- Polyester>- Model wears an S and is 173cm tall
192,9F864AC29A4113GS,hk,4926890,https://zstatichk01-a.akamaihd.net/p/river-island-7957-0986294-1.jpg,2018-05-28 17:01:20,River Island,259.0,2018-05-21 00:39:36,"- Multi colour choker necklace with tassel detail>- Cotton, glass and steel>- Adjustable lobster clasp fastening>- Adjustable chain length"
198,83627AA15A6A85GS,hk,4926976,https://zstatichk01-a.akamaihd.net/p/river-island-3918-6796294-1.jpg,2018-05-28 12:31:19,River Island,18.0,2018-05-21 00:39:41,- Solid toned cropped jeans>- Mid rise>- Regular fit>- Front zip with button fastening>- 5 pockets>- Cotton blend>- Model wears a size 8R and is 171cm tall
208,5119CAA95B139EGS,hk,4927202,https://zstatichk01-a.akamaihd.net/p/eyescream-8503-2027294-1.jpg,2018-06-06 11:55:40,Eyescream,372.0,2018-05-21 11:01:13,- Short sleeved mini dress with floral printed details>- V neckline>- Regular fit>- Polyester
218,1EB9BAC646E8D7GS,hk,4927280,https://zstatichk01-a.akamaihd.net/p/elli-germany-5847-0827294-1.jpg,2018-05-29 12:24:46,Elli Germany,1740.0,2018-05-21 11:17:37,- Oval gold earrings>- 925 Sterling Silver Gold-Plated>- Hoop fastening>- Non-adjustable length>- Comes with drawstring pouch
220,477E9AC3BA6293GS,hk,4927289,https://zstatichk01-a.akamaihd.net/p/elli-germany-7520-9827294-1.jpg,2018-05-30 12:24:10,Elli Germany,261.0,2018-05-21 11:17:38,"Necklace>- Diamante round pendant necklace>- 925 Sterling Silver, Swarovski Crystal>- Lobster clasp fastening>- Non-adjustable length>- Comes with drawstring pouch>>Earrings>- Diamante round earrings>- 925 Sterling Silver, Swarovski Crystal>- Stud fastening>- Non-adjustable length>- Comes with drawstring pouch"
222,5BB7EACBDF58DAGS,hk,4927293,https://zstatichk01-a.akamaihd.net/p/elli-germany-3769-3927294-1.jpg,2018-05-29 12:24:45,Elli Germany,975.0,2018-05-21 11:17:38,"- Lucky charm bracelet>-925 Sterling Silver Gold-Plated,Gummiband>- Elasticised fastening>- Non-adjustable length>- Comes with drawstring pouch"
229,D9C8BACE5C5BDAGS,hk,4927330,https://zstatichk01-a.akamaihd.net/p/elli-germany-5052-0337294-1.jpg,2018-05-29 12:24:50,Elli Germany,262.0,2018-05-21 11:17:40,- Gold tone wrap ring with three interwoven single rings design>- 925 Sterling Silver Gold-Plated>- Slip on>- Non-adjustable
243,553F7SHD36D052GS,hk,4927460,https://zstatichk01-a.akamaihd.net/p/converse-7579-0647294-1.jpg,2018-06-04 12:50:49,Converse,413.0,2018-05-21 12:48:52,- Monochrome sneakers with mesh details>- Synthetic/Textile upper>- Textile insole>- Rubber outsole>- Round toe>- Lace up fastening
251,4E35AAACD467DBGS,hk,4927506,https://zstatichk01-a.akamaihd.net/p/burton-menswear-london-8910-6057294-1.jpg,2018-06-12 13:52:39,Burton Menswear London,5960.0,2018-05-21 14:43:14,- Solid tone blazer>- Notch collar neckline>- Lined>- Regular fit>- Button fastening>- 2 pocket design>- Polyamide blend>- Model wears an M and is 188cm tall
287,510A1AAB950845GS,hk,4927757,https://zstatichk01-a.akamaihd.net/p/dorothy-perkins-2862-7577294-1.jpg,2018-05-31 17:47:41,Dorothy Perkins,731.0,2018-05-21 16:45:44,- Solid tone sleeveless shirt with ruffle detail>- V neckline>- Unlined>- Regular fit>- Button fastening>- Polyester>- Model wears a UK 8 and is 177cm tall
289,C7A5FAAF3F74A0GS,hk,4927768,https://zstatichk01-a.akamaihd.net/p/dorothy-perkins-2342-8677294-1.jpg,2018-05-31 17:47:36,Dorothy Perkins,371.0,2018-05-21 16:45:45,- Solid tone lace trim back maxi dress with waist tie detail>- Unlined>- V neckline>- Regular fit>- Waist tie fastening>- Viscose blend>- Model wears a UK 8 and is 177cm tall
297,74E22AAABDF241GS,hk,4927800,https://zstatichk01-a.akamaihd.net/p/dorothy-perkins-5973-0087294-1.jpg,2018-05-31 17:47:35,Dorothy Perkins,731.0,2018-05-21 16:45:48,- Solid shade ruffled top>- V-neckline>- Regular fit>- Front button fastening>- Sleeveless>- Curved hem>- Polyester>- Model wears a UK 6 and is 171cm tall
307,BD71FUSF7723D3GS,hk,4927829,https://zstatichk01-a.akamaihd.net/p/dorothy-perkins-9264-9287294-1.jpg,2018-06-04 15:31:32,Dorothy Perkins,6745.0,2018-05-21 16:45:50,- Floral print one piece swimsuit with side perforated detail>- Round neckline>- Lined>- Regular fit>- Slip on style>- Adjustable shoulder straps>- Polyamide blend>- Model wears a UK 8 and is 176cm tall
327,B71C8USC319F05GS,hk,4928102,https://zstatichk01-a.akamaihd.net/p/pink-n-proper-5376-2018294-1.jpg,2018-06-01 15:15:47,PINK N' PROPER,879.0,2018-05-22 14:29:05,"Top:>- Solid tone weaved strap bikini halter top>- Removable padded cups>- Regular fit>- Self tie, hook and clip fastening>- Polyblend>>Botton: >- Solid tone multi strap bikini briefs>- Low rise>- Regular fit>- Elasticated waistband fastening>- Polyblend>- Model wears an S and is 176cm tall"
358,AC266AAEDEB0F0GS,hk,4928348,https://zstatichk01-a.akamaihd.net/p/haute-kelly-1353-8438294-1.jpg,2018-06-11 12:42:05,Haute Kelly,1765.0,2018-05-22 19:56:00,- Solid toned midi skirt with waist tie sash>- Unlined>- Regular fit>- Zip fastening>- Polyblend
377,D1BFDSHD13525FGS,hk,4928444,https://zstatichk01-a.akamaihd.net/p/reebok-8992-4448294-1.jpg,2018-07-05 11:04:14,Reebok,6722.0,2018-05-23 10:41:49,- Running shoes with perforated sides>- Synthetic and textile upper>- Textile insole>- Rubber outsole>- Lace up fastening>- Round toecap
404,B8294AA59EA9BEGS,hk,4928637,https://zstatichk01-a.akamaihd.net/p/mdscollections-6636-7368294-1.jpg,2018-06-07 14:12:35,MDSCollections,1765.0,2018-05-23 15:44:22,- Solid tone denim skirt with thread detail>- Mid rise>- Relaxed fit>- Zip fastening>- Denim>- Model wears an S and is 176cm tall
422,AC471AA1E76CAEGS,hk,4928777,https://zstatichk01-a.akamaihd.net/p/warehouse-5785-7778294-1.jpg,2018-06-06 11:55:46,WAREHOUSE,672.0,2018-05-24 12:59:02,- Sleeveless linen midi dress with back bow>- Unlined>- Halter neckline>- Regular fit>- Elasticated waistband with button fastening>- Linen blend>- Model wears a UK 8 and is 177cm tall
424,0574FAA067C223GS,hk,4928781,https://zstatichk01-a.akamaihd.net/p/warehouse-5777-1878294-1.jpg,2018-06-06 11:55:36,WAREHOUSE,1763.0,2018-05-24 12:59:03,- Monochrome floral embroidery wrap top>- V-neckline>- Unlined>- Regular fit>- Self tie and button fastening>- Cotton>- Model wears a UK 8 and is 177cm tall
429,B38DFAA01C7DD7GS,hk,4928842,https://zstatichk01-a.akamaihd.net/p/dorothy-perkins-7369-2488294-1.jpg,2018-06-06 11:55:38,Dorothy Perkins,1763.0,2018-05-24 16:46:04,- Daisy printed ribbed cami top>- Scoop neckline>- Unlined>- Regular fit>- Viscose>- Model wears a UK 8 and is 177cm tall
458,54C94AA6E7C90BGS,hk,4929084,https://zstatichk01-a.akamaihd.net/p/mdscollections-8334-4809294-1.jpg,2018-06-01 11:51:18,MDSCollections,190.0,2018-05-25 11:03:44,- Two-toned jumpsuit with lace panel>- Partially lined>- Round neckline>- Regular fit>- Back zip fastening>- Fitted waist>- 2 side pockets>- Capped sleeves>- Cotton>- Model wears an S and is 177cm tall
465,651D1AA36DEC99GS,hk,4929222,https://zstatichk01-a.akamaihd.net/p/only-3934-2229294-1.jpg,2018-06-05 12:46:39,ONLY,420.0,2018-05-25 11:29:05,- Melange style mini skirt>- Mid rise>- Regular fit>- Elasticised waist with drawstring>- Viscose blend>- Model wears an S and is 176cm tall
470,08B7AAA6B338FBGS,hk,4929290,https://zstatichk01-a.akamaihd.net/p/jack-jones-4319-0929294-1.jpg,2018-06-06 11:55:59,Jack & Jones,5956.0,2018-05-25 11:29:14,- Solid tone knitted cardigan>- Open neckline>- Regular fit>- Button fastening>- 2 pocket design>- Cotton>- Model wears an M and is 188cm tall
471,3C041AA6DE488EGS,hk,4929292,https://zstatichk01-a.akamaihd.net/p/jack-jones-9685-2929294-1.jpg,2018-06-06 11:55:43,Jack & Jones,1436.0,2018-05-25 11:29:14,- Ombre debossed print tee>- Crew neckline>- Unlined>- Regular fit>- Cotton>- Model wears an M and is 188cm tall
473,1B1D9AA517D064GS,hk,4929304,https://zstatichk01-a.akamaihd.net/p/only-2903-4039294-1.jpg,2018-07-30 13:02:37,ONLY,674.0,2018-05-25 11:29:15,- Short sleeve embossed tropical print mini dress>- Unlined>- Round neckline>- Regular fit>- Slip on>- Polyblend>- Model wears an S and is 178cm tall
477,78AB1GL2974258GS,hk,4929345,https://zstatichk01-a.akamaihd.net/p/ray-ban-6786-5439294-1.jpg,2018-06-14 14:26:57,Ray-Ban,4562.0,2018-05-25 14:23:29,- Two tone square frame sunnies>- Propionate>- Square frame>- Gradient tinted lens>- Molded nosepads>- Slim arms with curve tip
478,B7A8BGL2F5B79FGS,hk,4929351,https://zstatichk01-a.akamaihd.net/p/ray-ban-8976-1539294-1.jpg,2018-06-14 14:26:42,Ray-Ban,4561.0,2018-05-25 14:23:29,- Bridgeless aviator sunglasses>- Metal frames>- Gradient-tinted lenses>- 100% UV protection>- Silicone nose pads>- Thin arms with curved tips>- Comes with carrying case>- 2-year warranty
527,87930AAA10CA83GS,hk,4929674,https://zstatichk01-a.akamaihd.net/p/missguided-2074-4769294-1.jpg,2018-06-08 11:02:29,MISSGUIDED,372.0,2018-05-28 10:59:45,- Solid toned mini dress>- Unlined>- V neckline>- Regular fit>- Polyblend>- Model wears a UK 8 and is 177cm tall
529,60F95AA32C3CDBGS,hk,4929702,https://zstatichk01-a.akamaihd.net/p/missguided-6170-2079294-1.jpg,2018-06-08 11:02:55,MISSGUIDED,674.0,2018-05-28 10:59:48,- Monochrome strappy satin dress>- Scoop neckline>- Regular fit>- Slip-on style>- Sleeveless>- Curved hem>- Cami shoulder straps>- Polyester blend>- Model wears a UK 8 and is 177cm tall
530,CB690AAB0A1B2DGS,hk,4929707,https://zstatichk01-a.akamaihd.net/p/topshop-1357-7079294-1.jpg,2018-06-11 12:42:40,TOPSHOP,420.0,2018-05-28 11:19:21,- Raw hem denim mini skirt>- High rise>- Regular fit>- Button and zip fastening>- Cotton>- Model wears a UK 8 and is 177cm tall
533,1C49DAA8795D78GS,hk,4929733,https://zstatichk01-a.akamaihd.net/p/topshop-6807-3379294-1.jpg,2018-06-11 12:42:12,TOPSHOP,1763.0,2018-05-28 11:19:23,- Ruffled sheer top with floral print>- V-neckline>- Regular fit>- Back button fastening>- Front self-tie closure>- Long tied sleeves>- Keyhole back>- Viscose>- Model wears a UK 8 and is 177cm tall
538,37D1CAA09DDEBAGS,hk,4929772,https://zstatichk01-a.akamaihd.net/p/topshop-6669-2779294-1.jpg,2018-06-11 12:42:11,TOPSHOP,25.0,2018-05-28 11:19:25,- Monochrome embroidered dress>- V-neckline>- Regular fit>- Front button fastening>- Sleeveless>- Cami shoulder straps>- Viscose blend>- Model wears a UK 8 and is 177cm tall
542,ECF07AA474B86BGS,hk,4929789,https://zstatichk01-a.akamaihd.net/p/exotico-5210-9879294-1.jpg,2018-06-30 17:31:36,Ex'otico,5350.0,2018-05-28 11:29:30,- 3/4 sleeve printed top with contrast piping details>- Round neckline>- Unlined>- Regular fit>- Back button fastening>- Polyester>- Model wears an XXL and is 170cm tall
560,91B62AAF5842F8GS,hk,4929907,https://zstatichk01-a.akamaihd.net/p/little-mistress-0729-7099294-1.jpg,2018-06-07 14:12:40,Little Mistress,1762.0,2018-05-28 16:03:59,- Lace high neck maxi dress>- High scallop neckline>- Lined>- Regular fit>- Zip fastening>- Polyester>- Model wears a UK 8 and is 176cm tall
561,EACB9AA86B7AABGS,hk,4929910,https://zstatichk01-a.akamaihd.net/p/little-mistress-6665-0199294-1.jpg,2018-06-07 14:12:35,Little Mistress,1762.0,2018-05-28 16:03:59,- Floral print maxi dress with shirred back and embellishments>- Scoop neckline>- Lined>- Slim fit>- Polyester>- Model wears a UK 8 and is 176cm tall
563,FF01BAA761D693GS,hk,4929951,https://zstatichk01-a.akamaihd.net/p/true-decadence-7162-1599294-1.jpg,2018-06-18 17:00:56,True Decadence,674.0,2018-05-28 16:29:59,- Solid hue lace dress with frill>- Lined>- Square neckline>- Regular fit>- Back zip fastening>- Sleeveless>- Ruffled hem>- Polyester>- Model wears an S and is 176cm tall
572,DA746AA05C4681GS,hk,4930049,https://zstatichk01-a.akamaihd.net/p/envie-de-fraise-9921-9400394-1.jpg,2018-06-08 11:02:44,Envie De Fraise,5351.0,2018-05-28 17:15:14,"- Solid tone skinny jeans with elasticated panel>- High rise>- Skinny fit>- Button, zip and elasticated waistband fastening>- 5 pocket design>- Cotton blend>- Model wears a size 36 and is 177cm tall"
573,8FB58AA66353C0GS,hk,4930057,https://zstatichk01-a.akamaihd.net/p/envie-de-fraise-6834-7500394-1.jpg,2018-06-08 11:02:43,Envie De Fraise,5351.0,2018-05-28 17:15:15,- Melange ruched side leggings>- High rise>- Skinny fit>- Elasticated waistband fastening>- Viscose blend>- Model wears a size 36 and is 175cm tall
577,87691US9C6D7D6GS,hk,4930102,https://zstatichk01-a.akamaihd.net/p/bluebella-6263-2010394-1.jpg,2018-06-07 15:23:45,Bluebella,5938.0,2018-05-28 17:54:03,- Strappy design sheer mesh thong with gold tone metal hardware>- Low rise>- Regular fit>- Elasticated waistband>- Polyamide blend
594,EC0EAAAE0CE345GS,hk,4930251,https://zstatichk01-a.akamaihd.net/p/something-borrowed-4318-1520394-1.jpg,2018-05-31 17:47:38,Something Borrowed,1763.0,2018-05-30 11:00:21,- Off shoulder broderie top with flared sleeves>- Off shoulder neckline>- Unlined>- Regular fit>- Polyblend>- Model wears an S and is 170cm tall
599,76679AAD4BBA6DGS,hk,4930294,https://zstatichk01-a.akamaihd.net/p/something-borrowed-4288-4920394-1.jpg,2018-05-31 17:48:09,Something Borrowed,1763.0,2018-05-30 11:00:27,- Short sleeve cut out wrap detail top>- Round neckline>- Lined>- Regular fit>- Back zip fastening>- Polyester>- Model wears an S and is 170cm tall
600,C77E6AA56B9EC4GS,hk,4930301,https://zstatichk01-a.akamaihd.net/p/something-borrowed-4376-1030394-1.jpg,2018-05-31 17:47:40,Something Borrowed,672.0,2018-05-30 11:00:27,- Sleeveless flute hem midi dress>- Unlined>- Round neckline>- Relaxed fit>- Cotton blend>- Model wears an S and is 170cm tall
622,7D37BAA0C03B6FGS,hk,4930448,https://zstatichk01-a.akamaihd.net/p/fidelio-3072-8440394-1.jpg,2018-06-18 09:26:42,Fidelio,6727.0,2018-05-30 16:04:36,- Button-up shirt with contrast trim>- Collared neckline>- Regular fit>- Front button fastening>- 1 chest pocket>- Long buttoned sleeves>- Curved hem>- Cotton>- Model wears an L and is 188cm tall
644,A3A84AAD58F1BEGS,hk,4930700,https://zstatichk01-a.akamaihd.net/p/ichi-8633-0070394-1.jpg,2018-06-11 12:42:19,ICHI,417.0,2018-05-30 19:33:51,- Floral printed pants with tapered leg>- Mid rise>- Slim fit>- Elasticised waist>- Viscose blend>- Model wears an S and is 177cm tall
702,F4962AAA8CE88AGS,hk,4931033,https://zstatichk01-a.akamaihd.net/p/cotton-on-body-7914-3301394-1.jpg,2018-06-08 11:02:29,Cotton On Body,6746.0,2018-05-31 13:09:37,- Solid toned tee>- Crew neckline>- Unlined>- Regular fit>- Polyblend>- Model wears an S and is 177cm tall
704,34725AA0A10ED3GS,hk,4931045,https://zstatichk01-a.akamaihd.net/p/cotton-on-body-6275-5401394-1.jpg,2018-06-11 12:42:35,Cotton On Body,5969.0,2018-05-31 13:09:37,- Solid tone longline cardigan with curved hem detail>- Open neckline>- Unlined>- Relaxed fit>- Polyblend>- Model wears an XS/S and is 173cm tall
705,A7D3AAA23A1DA6GS,hk,4931049,https://zstatichk01-a.akamaihd.net/p/cotton-on-body-8969-9401394-1.jpg,2018-06-13 12:24:02,Cotton On Body,6746.0,2018-05-31 13:09:38,- Rolled sleeve tied knot hem crop tee>- Crew neckline>- Unlined>- Relaxed fit>- Cotton blend>- Model wears an S and is 173cm tall
712,5A0FDAA4B3CB77GS,hk,4931069,https://zstatichk01-a.akamaihd.net/p/cotton-on-body-8613-9601394-1.jpg,2018-06-11 12:42:04,Cotton On Body,6746.0,2018-05-31 13:09:39,"Run to your heart's desire or simply take a hike with these durable tights by Cotton On Body. Crafted from soft polyamide blend with stretchy features, there is no longer a reason for you not to get on the fast lane and start being active.>>- Polyamide blend>- Elasticised waistband>- Inner drawcord fastening>- Super soft 4-way stretch>- Flatlocked seams for added comfort>- Moisture wicking to keep you cool and dry>- Interior waistband pocket>- Slim fit>- Unlined>- Model wears an S and is 173cm tall"
723,D89B4AA8BC6856GS,hk,4931163,https://zstatichk01-a.akamaihd.net/p/mela-london-8044-3611394-1.jpg,2018-06-19 17:20:23,Mela London,190.0,2018-05-31 14:43:34,- Floral wrap playsuit>- Wrap neckline>- Slim fit>- Zip fastening>- Polyblend>- Model wears a UK 8 and is 176cm tall
744,9BE10AAE5DD981GS,hk,4931426,https://zstatichk01-a.akamaihd.net/p/boss-1376-6241394-1.jpg,2018-07-05 17:28:44,BOSS,1436.0,2018-05-31 18:33:38,- Brand print short sleeve t-shirt>- Crew neckline>- Unlined>- Regular fit>- Slip on style>- Cotton>- Model wears an M and is 188cm tall
747,AD2E0AAF5F57CCGS,hk,4931502,https://zstatichk01-a.akamaihd.net/p/tfnc-9371-2051394-1.jpg,2018-06-18 17:00:46,TFNC,1762.0,2018-05-31 22:01:32,- Lace sleeves maxi dress>- Round neckline>- Lined>- Regular fit>- Zip fastening>- Polyester>- Model wears an S and is 173cm tall
5291,A7D15AA37687FAGS,hk,4925235,https://zstatichk01-a.akamaihd.net/p/cotton-on-4968-5325294-1.jpg,2018-05-23 15:52:02,Cotton On,17.0,2018-05-15 12:49:59,- Striped denim shorts>- High rise>- Regular fit>- Button and zip fastening>- 4 pockets>- Cotton blend>- Model wears a size AUS 8 and is 171cm tall
5294,53A96AA370448DGS,hk,4925279,https://zstatichk01-a.akamaihd.net/p/warehouse-6830-9725294-1.jpg,2018-05-25 14:00:27,WAREHOUSE,25.0,2018-05-15 13:39:23,- Solid tone wrap midi dress with shoulder strap tie detail>- Unlined>- V neckline>- Regular fit>- Waist and shoulder tie fastening>- Polyester>- Model wears a UK 8 and is 174cm tall
5309,13928AA3B2FABCGS,hk,4925387,https://zstatichk01-a.akamaihd.net/p/topshop-9731-7835294-1.jpg,2018-05-25 13:59:39,TOPSHOP,1763.0,2018-05-15 16:59:59,- Tie sleeve button down peplum hem top>- V-neckline>- Unlined>- Regular fit>- Front button fastening>- Viscose>- Model wears a UK 8 and is 176cm tall
5310,C6326AAC535284GS,hk,4925393,https://zstatichk01-a.akamaihd.net/p/topshop-9329-3935294-1.jpg,2018-05-25 14:00:08,TOPSHOP,674.0,2018-05-15 16:59:59,- Poppy printed cold shoulder dress>- V neckline>- Unlined>- Regular fit>- Waist tie fastening>- Polyester>- Model wears a UK 8 and is 173cm tall
5337,96D9FSH67AC1F6GS,hk,4925679,https://zstatichk01-a.akamaihd.net/p/onitsuka-tiger-7157-9765294-1.jpg,2018-10-22 15:35:12,Onitsuka Tiger,413.0,2018-05-15 19:21:37,- Solid tone perforated casual sneakers with contrast detail>- Cow leather upper>- Textile insole>- Rubber outsole>- Round toe>- Lace fastening
5338,9F88AAA75AE440GS,hk,4925707,https://zstatichk01-a.akamaihd.net/p/indikah-7867-7075294-1.jpg,2018-06-05 12:46:14,INDIKAH,372.0,2018-05-16 02:08:28,- Solid tone asymmetrical shoulder strap mini dress with ruffle overlay detail>- Unlined>- Asymmetrical neckline>- Regular fit>- Back zip fastening>- Cotton>- Model wears a UK 10 and is 176cm tall
5344,85924AAD8675E7GS,hk,4925773,https://zstatichk01-a.akamaihd.net/p/dorothy-perkins-3989-3775294-1.jpg,2018-05-23 15:51:46,Dorothy Perkins,24.0,2018-05-16 12:19:12,- Monochrome embellished tee>- Round neckline>- Regular fit>- Slip-on style>- Short turnover sleeves>- Cotton blend>- Model wears a UK 8 and is 173cm tall
5384,6B9E7SHBAF20F7GS,hk,4926068,https://zstatichk01-a.akamaihd.net/p/kenneth-cole-7076-8606294-1.jpg,2018-06-11 20:15:27,Kenneth Cole,2004.0,2018-05-17 14:52:24,- Visible stitch oxford shoes>- Cow leather upper>- Textile inner>- Synthetic outsole>- Round toe>- Lace fastening
5423,DE5A2AA7A40031GS,hk,4926441,https://zstatichk01-a.akamaihd.net/p/topshop-3518-1446294-1.jpg,2018-06-07 17:24:43,TOPSHOP,24.0,2018-05-18 13:47:01,- Floral off shoulder shirred frilly crop top>- Off shoulder neckline>- Regular fit>- Cotton>- Model wears a UK 8 and is 176cm tall
5425,307DCAAEE901CDGS,hk,4926448,https://zstatichk01-a.akamaihd.net/p/topshop-3586-8446294-1.jpg,2018-06-07 14:12:49,TOPSHOP,5978.0,2018-05-18 13:47:02,- Solid tone cropped wide jeans>- High rise>- Relaxed fit>- Button and zip fastening>- 5 pocket design>- Cotton>- Model wears a size 25 and is 176cm tall
5432,7429AAA3401330GS,hk,4926640,https://zstatichk01-a.akamaihd.net/p/solid-3929-0466294-1.jpg,2018-05-28 12:31:33,!Solid,1437.0,2018-05-18 15:17:57,- Tank top with printed stripes>- Round neckline>- Regular fit>- Slip-on style>- Sleeveless>- Cotton>- Model wears an M and is 188cm tall
5436,3B070AA5350FBFGS,hk,4926689,https://zstatichk01-a.akamaihd.net/p/bysi-2883-9866294-1.jpg,2018-06-18 09:26:27,BYSI,372.0,2018-05-18 16:59:05,- Two-toned dress with crochet detail>- Collared neckline>- Regular fit>- Back zip fastening>- Short caped sleeves>- Back thigh split>- Polyester>- Model wears an S and is 173cm tall
5448,018A9AAF0A2279GS,hk,4926795,https://zstatichk01-a.akamaihd.net/p/forever-new-7777-5976294-1.jpg,2018-05-31 17:47:49,Forever New,190.0,2018-05-19 23:23:32,- Monochrome jumpsuit with frilled details>- One shoulder neckline>- Lined >- Regular fit>- Zip fastening>- Polyblend>- Model wears a size AUS 6 and is 176cm tall
5450,8DA42ACDE831E1GS,hk,4926814,https://zstatichk01-a.akamaihd.net/p/forever-new-6769-4186294-1.jpg,2018-05-28 17:01:22,Forever New,784.0,2018-05-19 23:23:33,- Embellished shimmery zip top clutch>- Polyester>- Zip fastening>- Eight card slots>- One inner slot pocket>- Detachable chain shoulder strap>- Dimensions: L23cm x H16.5cm x W0.5cm
5451,DCAF8AC7E76A02GS,hk,4926825,https://zstatichk01-a.akamaihd.net/p/forever-new-6772-5286294-1.jpg,2018-05-28 17:01:21,Forever New,781.0,2018-05-19 23:23:34,- Velvet quilted chain strap shoulder bag>- Polyester>- Push lock fastening>- One inner slot pocket>- One inner zip pocket>- Chain shoulder strap>- Dimensions: L26cm x H15cm x W7.5cm
5457,967BBAA5C00C38GS,hk,4926892,https://zstatichk01-a.akamaihd.net/p/river-island-5429-2986294-1.jpg,2018-05-28 12:31:41,River Island,674.0,2018-05-21 00:39:36,- Floral printed mini dress>- Lined>- High neckline>- Regular fit>- Polyester>- Model wears a UK 8 and is 171cm tall
5461,67471AAB13F72DGS,hk,4926913,https://zstatichk01-a.akamaihd.net/p/river-island-0954-3196294-1.jpg,2018-06-04 12:01:56,River Island,1436.0,2018-05-21 00:39:37,- Patterned t-shirt>- Round neckline>- Unlined>- Regular fit>- Polyester>- Model wears an M and is 188cm tall
5468,67BADAA94FB732GS,hk,4927023,https://zstatichk01-a.akamaihd.net/p/river-island-3847-3207294-1.jpg,2018-05-28 12:31:16,River Island,190.0,2018-05-21 00:39:49,- Solid tone jumpsuit with front tie detail>- V neckline>- Unlined>- Regular fit>- Slip on style>- Adjustable shoulder straps>- Viscose>- Model wears a UK 6 and is 172cm tall
5480,79725AA1C6CB6AGS,hk,4927208,https://zstatichk01-a.akamaihd.net/p/eyescream-8499-8027294-1.jpg,2018-06-06 11:55:59,Eyescream,1763.0,2018-05-21 11:01:13,- Monochrome lace top with lace panel>- Collared neckline>- Relaxed fit>- Button fastening>- Polyester
5492,3C734ACA5C5B8DGS,hk,4927290,https://zstatichk01-a.akamaihd.net/p/elli-germany-3762-0927294-1.jpg,2018-05-30 12:24:06,Elli Germany,259.0,2018-05-21 11:17:38,- Silver necklace with double heart pendant>- 925 Sterling Silver &amp; Swarovski® Crystal>- Lobster hook fastening>- Non-adjustable length>- Comes with drawstring pouch>- Dimensions: L45cm x H1.5cm
5511,32459ACFE320BDGS,hk,4927355,https://zstatichk01-a.akamaihd.net/p/elli-germany-7512-5537294-1.jpg,2018-05-30 12:24:05,Elli Germany,259.0,2018-05-21 11:17:41,- Silver necklace with lotus pendant>- 925 Sterling Silver >- Lobster clasp fastening>- Non-adjustable length>- Comes with drawstring pouch>- Dimensions: L45cm x H1.1cm
5523,A0CE0AC0291585GS,hk,4927450,https://zstatichk01-a.akamaihd.net/p/converse-2224-0547294-1.jpg,2018-06-01 14:47:59,Converse,1751.0,2018-05-21 12:48:51,- Casual cap with brand label>- Cotton>- Breathable eyelets>- Adjustable strapback fastening>- Curved peak
5524,1EB3BSH5B809D7GS,hk,4927454,https://zstatichk01-a.akamaihd.net/p/converse-4292-4547294-1.jpg,2018-06-04 12:50:49,Converse,12.0,2018-05-21 12:48:52,- Solid toned sneakers with lace ribbon details>- Textile upper>- Textile insole>- Rubber outsole>- Round toe>- Lace up fastening
5525,EL948AC0UOKBID,hk,4927461,https://zstatichk01-a.akamaihd.net/p/elli-germany-5888-1647294-1.jpg,2018-07-08 20:04:16,Elli Germany,1742.0,2018-05-21 12:48:53,"- Silver tone Zirconia stones embellished earcuffs>- 925 Sterling Silver, Zirconia>- Hook fastening>- Non-adjustable"
5546,75E4CUSF6A6759GS,hk,4927660,https://zstatichk01-a.akamaihd.net/p/malibu-beachwear-9568-0667294-1.jpg,2018-06-05 16:43:14,Malibu Beachwear,820.0,2018-05-21 16:13:15,- Flared sleeve embroidered kaftan with scalloped trim>- V-neckline>- Unlined>- Relaxed fit>- Polyester>- Model wears a size One Size and is 176cm tall
5552,E36CEAADA8B3AAGS,hk,4927679,https://zstatichk01-a.akamaihd.net/p/abercrombie-fitch-6111-9767294-1.jpg,2018-05-29 11:06:53,Abercrombie & Fitch,1763.0,2018-05-21 16:30:24,- Short sleeve sequined beaded top>- Sizing runs one size larger>- V-neckline>- Unlined>- Regular fit>- Cotton blend>- Model wears an S and is 171cm tall
5557,F8214AAD746E90GS,hk,4927723,https://zstatichk01-a.akamaihd.net/p/free-people-9965-3277294-1.jpg,2018-05-28 12:31:44,Free People,1763.0,2018-05-21 16:30:42,- Long sleeved printed top>- V neckline>- Unlined>- Regular fit>- Rayon>- Model wears an S and is 171cm tall
5560,E2695SHD30800BGS,hk,4927729,https://zstatichk01-a.akamaihd.net/p/dorothy-perkins-5906-9277294-1.jpg,2018-06-04 12:51:00,Dorothy Perkins,6741.0,2018-05-21 16:45:42,- Faux suede crossed strap blocked heels>- Textile upper>- Textile and synthetic insole>- Synthetic outsole>- Heel height: 8.5cm>- Ankle strap with pin buckle fastening
5561,F5491AAA92B9ACGS,hk,4927731,https://zstatichk01-a.akamaihd.net/p/dorothy-perkins-5124-1377294-1.jpg,2018-06-01 11:51:03,Dorothy Perkins,1761.0,2018-05-21 16:45:42,- Floral print short sleeve bodycon mini dress>- Unlined>- Crew neckline>- Regular fit>- Slip on style>- Cotton blend>- Model wears a UK 8 and is 174cm tall
5565,EF7A5AAA2427BCGS,hk,4927744,https://zstatichk01-a.akamaihd.net/p/dorothy-perkins-4416-4477294-1.jpg,2018-06-05 12:46:36,Dorothy Perkins,5350.0,2018-05-21 16:45:43,- Plus size floral printed dress>- Unlined>- V neckline>- Regular fit>- Polyblend>- Model wears a UK 18 and is 176cm tall
5578,6B30CAA39DEDD0GS,hk,4927808,https://zstatichk01-a.akamaihd.net/p/dorothy-perkins-5974-8087294-1.jpg,2018-05-31 17:47:35,Dorothy Perkins,372.0,2018-05-21 16:45:48,- Solid toned mini dress>- Unlined>- Scoop neckline>- Regular fit>- 2 pockets>- Cotton blend>- Model wears a UK 8 and is 176cm tall
5580,6C4A3AA12BE6A2GS,hk,4927812,https://zstatichk01-a.akamaihd.net/p/dorothy-perkins-5103-2187294-1.jpg,2018-06-01 11:51:07,Dorothy Perkins,24.0,2018-05-21 16:45:49,- Floral print short sleeve top with front tie detail>- Round neckline>- Unlined>- Relaxed fit>- Front tie fastening>- Polyester>- Model wears a UK 8 and is 174cm tall
5582,E96DFAADA1725BGS,hk,4927826,https://zstatichk01-a.akamaihd.net/p/dorothy-perkins-3253-6287294-1.jpg,2018-05-31 17:47:59,Dorothy Perkins,25.0,2018-05-21 16:45:50,- Off shoulder midi dress with floral printed>- Unlined>- Straight neckline>- Regular fit>- Viscose>- Model wears a UK 8 and is 176cm tall
5584,274DFSH0FA842AGS,hk,4927842,https://zstatichk01-a.akamaihd.net/p/dorothy-perkins-6022-2487294-1.jpg,2018-06-04 12:51:01,Dorothy Perkins,6741.0,2018-05-21 16:45:51,- Metallic strappy blocked heels>- Synthetic upper>- Synthetic insole>- Synthetic outsole>- Heel height: 9cm>- Ankle strap with pin buckle fastening
5586,A96C8AA5639905GS,hk,4927854,https://zstatichk01-a.akamaihd.net/p/dorothy-perkins-5923-4587294-1.jpg,2018-05-31 17:47:56,Dorothy Perkins,3370.0,2018-05-21 16:45:52,- Solid tone sleeveless pencil mini dress with pleated neck detail>- Lined>- Asymmetrical neckline>- Regular fit>- Back zip fastening>- Polyester>- Model wears a UK 6 and is 177cm tall
5628,C2156SH5DB01AEGS,hk,4928322,https://zstatichk01-a.akamaihd.net/p/melissa-5954-2238294-1.jpg,2018-06-01 12:44:31,Melissa,386.0,2018-05-22 17:29:15,- Two tone sandals>- Every pair of Melissa shoes also comes infused with its signature bubble-gum scent>- Synthetic upper>- Synthetic insole>- Synthetic outsole>- Ankle strap fastening
5665,FAEC5AAB8E63CBGS,hk,4928553,https://zstatichk01-a.akamaihd.net/p/elvi-4877-3558294-1.jpg,2018-06-06 11:55:53,ELVI,5350.0,2018-05-23 11:33:03,- Monochrome broderie sleeves button front dress with asymmetrical hem>- Lined>- Lapel beckline>- Regular fit>- Front button fastening>- Polyester>- Model wears a UK 18 and is 170cm tall
5669,A51BFAA6D24D8DGS,hk,4928595,https://zstatichk01-a.akamaihd.net/p/goddiva-5517-5958294-1.jpg,2018-06-04 12:01:44,Goddiva,1762.0,2018-05-23 14:39:28,- Solid tone scallop neck maxi dress>- Scallop V-neckline>- Lined>- Slim fit>- Elasticated band fastening>- Polyester>- Model wears a UK 8 and is 177cm tall
5681,244CAAA7221DFAGS,hk,4928677,https://zstatichk01-a.akamaihd.net/p/halo-0460-7768294-1.jpg,2018-05-23 18:14:20,Halo,1763.0,2018-05-23 18:10:07,- 2 Way />- Off Shoulder />-&nbsp;Relaxed Fit
5712,03FDAAAE55EF16GS,hk,4928869,https://zstatichk01-a.akamaihd.net/p/dorothy-perkins-3602-9688294-1.jpg,2018-06-07 14:12:45,Dorothy Perkins,5966.0,2018-05-24 16:46:07,- Boucle jacket with fringe trim>- Open-front>- Regular fit>- Slip-on style>- Long sleeves>- Cotton blend>- Model wears a UK 8 and is 177cm tall
5716,69072SH9547CD3GS,hk,4928896,https://zstatichk01-a.akamaihd.net/p/dorothy-perkins-7860-6988294-1.jpg,2018-06-05 15:56:15,Dorothy Perkins,6741.0,2018-05-24 16:46:09,- Strappy heeled sandals>- Textile upper>- Polyurethane insole>- Synthetic outsole>- Heel height: 4.3cm>- Pin-buckle fastening
5719,9030ESH350D76DGS,hk,4928919,https://zstatichk01-a.akamaihd.net/p/dorothy-perkins-3944-9198294-1.jpg,2018-06-05 15:56:16,Dorothy Perkins,6741.0,2018-05-24 16:46:13,- Solid tone strappy heels>- Synthetic upper>- Synthetic insole>- Synthetic outsole>- Heel height: 6.5cm>- Pin buckle fastening
5741,AE1B7AAC41E4DDGS,hk,4929135,https://zstatichk01-a.akamaihd.net/p/vero-moda-4547-5319294-1.jpg,2018-06-04 12:01:52,Vero Moda,1769.0,2018-05-25 11:28:58,- Floral print plisse design trousers>- Mid rise>- Relaxed fit>- Elasticised waistband fastening>- Polyester>- Model wears an S and is 177cm tall
5785,CD4EEAAFCFF373GS,hk,4929649,https://zstatichk01-a.akamaihd.net/p/missguided-8311-9469294-1.jpg,2018-06-08 13:10:47,MISSGUIDED,25.0,2018-05-28 10:59:43,- Cross-strap dress with lace panel>- Curve neckline>- Regular fit>- Slip-on style>- Sleeveless>- Hem with lace trim>- Polyester blend>- Model wears a UK 8 and is 177cm tall
5788,17F8CAA48E529CGS,hk,4929688,https://zstatichk01-a.akamaihd.net/p/missguided-2208-8869294-1.jpg,2018-06-08 11:02:51,MISSGUIDED,372.0,2018-05-28 10:59:47,- Monochrome mini dress with frilled hem details>- Unlined>- One shoulder neckline>- Regular fit>- Zip fastening>- Polyblend>- Model wears a UK 8 and is 177cm tall
5795,9798ASHAE6550FGS,hk,4929756,https://zstatichk01-a.akamaihd.net/p/topshop-4966-6579294-1.jpg,2018-06-11 15:10:28,TOPSHOP,386.0,2018-05-28 11:19:24,- Monochrome toe post sandals>- Cow leather upper>- Cow leather insole>- Synthetic outsole>- Slip on style
5849,53257AAA216E6DGS,hk,4930296,https://zstatichk01-a.akamaihd.net/p/something-borrowed-4281-6920394-1.jpg,2018-05-31 17:47:46,Something Borrowed,24.0,2018-05-30 11:00:27,- Colourblock short sleeve ribbed top >- Crew neckline>- Unlined>- Slim fit>- Slip on style>- Viscose blend>- Model wears an S and is 170cm tall
5871,032A6AA74CC5BBGS,hk,4930454,https://zstatichk01-a.akamaihd.net/p/fidelio-0245-4540394-1.jpg,2018-06-18 09:26:15,Fidelio,6727.0,2018-05-30 16:04:36,- Button-up shirt with embroidery>- Collared neckline>- Regular fit>- Front button fastening>- Long buttoned sleeves>- Curved hem>- Cotton>- Model wears an L and is 188cm tall
5878,16E99USC456ECCGS,hk,4930656,https://zstatichk01-a.akamaihd.net/p/river-island-9387-6560394-1.jpg,2018-07-06 12:01:52,River Island,880.0,2018-05-30 19:21:12,- One piece swimsuit with ruffle detail>- Slim fit>- Slip on style>- Adjustable shoulder straps>- Acrylic>- Model wears a UK 8 and is 178cm tall
5891,AE831AAFAD0670GS,hk,4930759,https://zstatichk01-a.akamaihd.net/p/ichi-7801-9570394-1.jpg,2018-06-18 09:26:51,ICHI,372.0,2018-05-30 19:33:55,- Floral printed mini dress with front keyhole detail>- Unlined>- V neckline>- Unlined>- Regular fit>- Slip on style>- 2 front side pockets>- Viscose>- Model wears an S and is 176cm tall
5898,5CC16AA94E5D55GS,hk,4930794,https://zstatichk01-a.akamaihd.net/p/ichi-1960-4970394-1.jpg,2018-06-12 13:52:42,ICHI,728.0,2018-05-30 19:33:58,- Polka dot printed shirt>- Lapel neckline>- Unlined>- Regular fit>- Button fastening>- Cotton>- Model wears an S and is 177cm tall
5906,13DBAAA8D17C2DGS,hk,4930849,https://zstatichk01-a.akamaihd.net/p/ichi-5458-9480394-1.jpg,2018-06-12 13:52:11,ICHI,785.0,2018-05-30 19:34:06,- Rolled hem stripe shorts>- High rise>- Regular fit>- Elasticated waistband>- Two side pockets>- Cotton blend>- Model wears an S and is 176cm tall
5914,797A5USF551385GS,hk,4930880,https://zstatichk01-a.akamaihd.net/p/ichi-9132-0880394-1.jpg,2018-06-13 12:56:44,ICHI,880.0,2018-05-30 19:44:30,- Floral printed swimsuit>- Removable pads>- Regular fit>- Polyblend>- Model wears an XS/S and is 176cm tall
5940,7707DAC75584E4GS,hk,4931003,https://zstatichk01-a.akamaihd.net/p/papillon-clutch-3134-3001394-1.jpg,2018-06-08 16:21:20,Papillon Clutch,784.0,2018-05-31 12:58:21,- Ombre glitter metal clutch>- Synthetic>- Clasp fastening>- Detachable chain strap>- Dimensions: L17cm x H9.5cm x W4.5cm
5974,F3E8DAAF3A4BA4GS,hk,4931322,https://zstatichk01-a.akamaihd.net/p/ruby-s-collection-6491-2231394-1.jpg,2018-06-01 11:31:05,Ruby's Collection,1765.0,2018-05-31 16:45:06,- Lace under gauze  />- Comes in 3 colors />- Tulle skirt matchs everything
5975,52444AA1974FAAGS,hk,4931324,https://zstatichk01-a.akamaihd.net/p/ruby-s-collection-6497-4231394-1.jpg,2018-06-01 11:28:03,Ruby's Collection,1765.0,2018-05-31 16:45:06,- Lace under gauze  />- Comes in 3 colors />- Tulle skirt matchs everything
5979,B17CBAA8F5F93CGS,hk,4931412,https://zstatichk01-a.akamaihd.net/p/boss-6877-2141394-1.jpg,2018-07-06 17:11:52,BOSS,434.0,2018-05-31 18:33:37,- Dual tone short sleeve polo shirt with stripe sleeve hem detail>- Standard collared neckline>- Unlined>- Slim fit>- Front button fastening>- Cotton>- Model wears an M and is 188cm tall
5984,FACA2AA87E3C40GS,hk,4931493,https://zstatichk01-a.akamaihd.net/p/supre-6680-3941394-1.jpg,2018-06-11 12:42:28,Supre,5968.0,2018-05-31 18:58:53,- Raw hem graphic zip through cropped hoodie>- Unlined>- Regular fit>- Front zip fastening with drawcord hood>- Cotton blend>- Model wears an S and is 173cm tall
5986,FF537AA44939EFGS,hk,4931500,https://zstatichk01-a.akamaihd.net/p/tfnc-1150-0051394-1.jpg,2018-06-18 17:00:56,TFNC,24.0,2018-05-31 22:01:31,- Multicoloured plisse tie back top>- V neckline>- Unlined>- Regular fit>- Self tie fastening>- Polyblend>- Model wears an S and is 173cm tall
29317,F27AFAA0CDDB4CGS,hk,4925018,https://zstatichk01-a.akamaihd.net/p/something-borrowed-6198-8105294-1.jpg,2018-06-30 15:20:29,Something Borrowed,5935.0,2018-05-15 01:03:55,- Monochrome bralette crop top with metal appliqu? >- Lined>- Sweetheart neckline>- Back zip fastening>- Padded cups with underwire>- Polyester blend>- Model wears an S and is 170cm tall
29338,71F04AAA1EF687GS,hk,4925143,https://zstatichk01-a.akamaihd.net/p/zalora-5974-3415294-1.jpg,2018-05-17 18:34:04,ZALORA,371.0,2018-05-15 12:13:25,- Stripe print sleeveless maxi dress with ruffle detail>- Partially lined>- V neckline>- Regular fit>- Button and waist tie fastening>- Viscose>- Model wears an S and is 173cm tall
29340,4E57AAA6CE5038GS,hk,4925190,https://zstatichk01-a.akamaihd.net/p/cotton-on-8370-0915294-1.jpg,2018-05-23 15:52:35,Cotton On,25.0,2018-05-15 12:49:56,- Polka dot printed wrap dress with ruffled details>- Comes with waist tie sash>- Lined>- V neckline>- Regular fit>- Self tie fastening>- Polyester>- Model wears an S and is 171cm tall
29341,1B565AAF2814F2GS,hk,4925210,https://zstatichk01-a.akamaihd.net/p/cotton-on-8340-0125294-1.jpg,2018-05-23 15:52:24,Cotton On,24.0,2018-05-15 12:49:57,- Melange tee>- V neckline>- Unlined>- Regular fit>- 1 pocket>- Cotton>- Model wears an S and is 171cm tall
29347,6DF11AA2CE12A1GS,hk,4925276,https://zstatichk01-a.akamaihd.net/p/warehouse-9617-6725294-1.jpg,2018-05-25 13:59:53,WAREHOUSE,25.0,2018-05-15 13:39:23,- Orchid print sleeveless wrap midi dress with waist tie detail>- Unlined>- V neckline>- Regular fit>- Waist tie fastening>- Polyblend>- Model wears a UK 8 and is 174cm tall
29363,CAE27AC878B0CDGS,hk,4925456,https://zstatichk01-a.akamaihd.net/p/nuveau-7488-6545294-1.jpg,2018-05-24 13:07:09,NUVEAU,4830.0,2018-05-15 17:14:24,- Dark tone watch with mesh strap>- Analogue three-hand movement>- Stainless steel strap>- Stainless steel case>- Roman numeral and notch indices>- Clasp fastening
29364,BB06FAC1641A6FGS,hk,4925459,https://zstatichk01-a.akamaihd.net/p/nuveau-8652-9545294-1.jpg,2018-05-24 13:07:10,NUVEAU,4830.0,2018-05-15 17:14:25,- Silver tone watch with mesh strap>- Analogue three-hand movement>- Stainless steel strap>- Stainless steel case>- Notch indices>- Clasp fastening
29368,3A312AC6B0EF6FGS,hk,4925490,https://zstatichk01-a.akamaihd.net/p/nuveau-7965-0945294-1.jpg,2018-05-24 13:07:05,NUVEAU,783.0,2018-05-15 17:14:26,- Solid tone medium backpack with mesh detail>- Nylon>- Zip fastening>- Lined interior>- 1 exterior front mesh zip pocket>- 1 interior zip pocket>- Adjustable shoulder straps>- Dimensions: L30cm x H42.5cm x W11cm
29395,F1AC7AA6BA4A51GS,hk,4925830,https://zstatichk01-a.akamaihd.net/p/dorothy-perkins-4664-0385294-1.jpg,2018-05-23 15:52:13,Dorothy Perkins,1761.0,2018-05-16 12:19:17,- Textured sleeveless midi dress>- Round neckline>- Unlined>- Slim fit>- Zip fastening>- Viscose blend>- Model wears a UK 8 and is 174cm tall
29441,4AADAAAB6F5065GS,hk,4926293,https://zstatichk01-a.akamaihd.net/p/j-crew-9902-3926294-1.jpg,2018-05-25 14:00:18,J.Crew,6729.0,2018-05-17 16:02:29,- Checkered button-up shirt>- Collared neckline>- Slim fit>- Front button fastening>- 1 chest pocket>- Long buttoned sleeves>- Curved hem>- Cotton blend>- Model wears an M and is 188cm tall
29457,CCECDAA524FDE8GS,hk,4926410,https://zstatichk01-a.akamaihd.net/p/topshop-0685-0146294-1.jpg,2018-06-07 14:12:33,TOPSHOP,24.0,2018-05-18 13:46:58,- 'Dolly Parton' graphic tee with embellishments>- Round neckline>- Regular fit>- Cotton>- Model wears a UK 8 and is 176cm tall
29468,0775CACDA2C799GS,hk,4926556,https://zstatichk01-a.akamaihd.net/p/herschel-5889-6556294-1.jpg,2018-05-31 17:47:19,Herschel,4740.0,2018-05-18 14:01:07,- Large pouch with convenient wrist strap >- Polyester>- Zip fastening>- Lined interior>- Classic printed label>- Limited lifetime warranty>- Dimensions: L27cm x H18.8cm x W1.5cm
29472,9BC1BAAC6FA323GS,hk,4926636,https://zstatichk01-a.akamaihd.net/p/solid-3927-6366294-1.jpg,2018-05-28 12:31:23,!Solid,773.0,2018-05-18 15:17:57,- Solid hue casual stretchy pants>- Medium rise>- Slim fit>- Button &amp; zip fastening>- 5-pocket style>- Belt loops>- Cotton blend>- Model wears an M and is 188cm tall
29478,48CDCAA40D5A75GS,hk,4926682,https://zstatichk01-a.akamaihd.net/p/bysi-9018-2866294-1.jpg,2018-06-18 09:26:30,BYSI,1763.0,2018-05-18 16:59:04,- Solid hue top with floral appliqu� >- Lined >- Round neckline>- Regular fit>- Back zip fastening>- Short sleeves>- Polyester>- Model wears an S and is 173cm tall
29490,0763BAC3AD66A6GS,hk,4926796,https://zstatichk01-a.akamaihd.net/p/forever-new-3856-6976294-1.jpg,2018-05-28 17:01:21,Forever New,784.0,2018-05-19 23:23:32,- Embellished shimmery zip top clutch>- Polyester>- Zip fastening>- Eight card slots>- One inner slot pocket>- Detachable chain shoulder strap>- Dimensions: L23cm x H16.5cm x W0.5cm
29492,A8AE0USAB367F1GS,hk,4926870,https://zstatichk01-a.akamaihd.net/p/river-island-9924-0786294-1.jpg,2018-05-29 13:33:48,River Island,880.0,2018-05-21 00:39:34,- Colourblock ribbed one shoulder swimsuit with front cutout detail>- One shoulder neckline>- Lined>- Regular fit>- Slip on style>- Polyamide blend>- Model wears a UK 8 and is 172cm tall
29493,EA9A0US3050B02GS,hk,4926871,https://zstatichk01-a.akamaihd.net/p/river-island-3488-1786294-1.jpg,2018-05-29 13:33:50,River Island,6745.0,2018-05-21 00:39:34,- Solid tone bikini bottoms with pom pom and tassel detail>- Mid rise>- Lined>- Regular fit>- Side tie fastening>- Polyamide blend>- Model wears a UK 8 and is 172cm tall
29495,5AF4DAA819450BGS,hk,4926887,https://zstatichk01-a.akamaihd.net/p/river-island-3918-7886294-1.jpg,2018-05-28 12:31:30,River Island,2114.0,2018-05-21 00:39:35,- Denim jeans with distressed details>- Mid rise>- Skinny fit>- Front zip with button fastening>- 3 pockets>- Cotton blend>- Model wears a size 8R and is 171cm tall
29497,25291AA5C1783FGS,hk,4926912,https://zstatichk01-a.akamaihd.net/p/river-island-6832-2196294-1.jpg,2018-06-04 12:01:53,River Island,29.0,2018-05-21 00:39:37,- Stripe waistband jogger shorts>- Mid rise>- Regular fit>- Elasticated waistband with drawstring fastening>- Two side pockets>- One back pocket>- Polyblend>- Model wears an M and is 188cm tall
29498,AD596AAFAD250EGS,hk,4926935,https://zstatichk01-a.akamaihd.net/p/river-island-4616-5396294-1.jpg,2018-05-29 11:06:53,River Island,1763.0,2018-05-21 00:39:38,- Solid tone cold shoulder top with tassel detail>- V neckline>- Unlined>- Regular fit>- Shoulder strap fastening>- Viscose>- Model wears a UK 8 and is 172cm tall
29505,CD90EUS3402A19GS,hk,4927012,https://zstatichk01-a.akamaihd.net/p/river-island-5808-2107294-1.jpg,2018-06-01 15:15:48,River Island,880.0,2018-05-21 00:39:43,- Tropical printed swimsuit>- Removable pads>- Regular fit>- Hook fastening>- Adjustable shoulder strap>- Nylon blend>- Model wears a UK 8 and is 176cm tall
29524,41449AC42579BBGS,hk,4927284,https://zstatichk01-a.akamaihd.net/p/elli-germany-8062-4827294-1.jpg,2018-05-29 12:24:47,Elli Germany,1742.0,2018-05-21 11:17:37,Necklace>- Zirconia crystal embellished teardrop necklace>- Silver>- Lobster clasp fastening>>Earrings>- Zirconia crystal embellished teardrop studded earrings>- Silver>- Stud fastening
29530,CB58FAC70D2330GS,hk,4927319,https://zstatichk01-a.akamaihd.net/p/elli-germany-8453-9137294-1.jpg,2018-05-31 17:47:16,Elli Germany,1742.0,2018-05-21 11:17:39,- Faux helix piercing ear cuff>- Sterling silver>- Cuff fastening
29538,21656AC80B4473GS,hk,4927354,https://zstatichk01-a.akamaihd.net/p/elli-germany-7504-4537294-1.jpg,2018-05-30 12:24:04,Elli Germany,975.0,2018-05-21 11:17:41,"- Diamante pearls bracelet>- 925 Sterling Silver, Swarovski Crystal,Kunststoff,Muschelkernperlen>- Elastic fastening>- Non-adjustable length>- Comes with drawstring pouch"
29555,4B153AA1CFD3C1GS,hk,4927510,https://zstatichk01-a.akamaihd.net/p/burton-menswear-london-9686-0157294-1.jpg,2018-06-06 11:55:33,Burton Menswear London,6732.0,2018-05-21 14:43:14,- Short sleeved shirt>- Collar neckline>- Unlined>- Regular fit>- Button fastening>- Cotton blend>- Model wears an M and is 188cm tall
29556,8E944AAE669D51GS,hk,4927514,https://zstatichk01-a.akamaihd.net/p/burton-menswear-london-9815-4157294-1.jpg,2018-06-06 11:55:48,Burton Menswear London,6736.0,2018-05-21 14:43:15,- Plain t-shirt>- Crew neckline>- Unlined>- Regular fit>- Cotton blend>- Model wears an M and is 188cm tall
29563,857B1SH38BE554GS,hk,4927551,https://zstatichk01-a.akamaihd.net/p/river-island-5379-1557294-1.jpg,2018-06-01 12:44:29,River Island,2219.0,2018-05-21 14:49:13,- Double strapped sliders with brand applique>- Synthetic upper>- Synthetic inner>- Synthetic outsole>- Slip on
29590,2B11BAA75438E4GS,hk,4927838,https://zstatichk01-a.akamaihd.net/p/dorothy-perkins-2217-8387294-1.jpg,2018-06-01 11:51:08,Dorothy Perkins,417.0,2018-05-21 16:45:50,- Floral printed ankle grazer pants&nbsp;>- Mid rise>- Slim fit>- Zip fastening>- Polyblend>- Model wears a UK 8 and is 177cm tall
29592,75F49AA527B77BGS,hk,4927849,https://zstatichk01-a.akamaihd.net/p/dorothy-perkins-5877-9487294-1.jpg,2018-05-31 17:47:33,Dorothy Perkins,674.0,2018-05-21 16:45:51,- Solid tone skater mini dress with waist tie detail>- Lined>- Round neckline>- Regular fit>- Back zip and waist tie fastening>- Polyester>- Model wears a UK 8 and is 177cm tall
29638,987A8SH653C3FBGS,hk,4928329,https://zstatichk01-a.akamaihd.net/p/melissa-7798-9238294-1.jpg,2018-06-04 12:50:52,Melissa,386.0,2018-05-22 17:29:16,- Metallic bow detail tong sandals>- Every pair of Melissa shoes also comes infused with its signature bubble-gum scent>- Melflex upper>- Melflex inner>- Melflex outsole>- Slip on
29665,0D67CUSDCBCF1CGS,hk,4928477,https://zstatichk01-a.akamaihd.net/p/reebok-2498-7748294-1.jpg,2018-08-16 10:34:18,Reebok,6746.0,2018-05-23 10:41:51,- Abstract printed sports bra>- Removable padding>- Regular fit>- Elasticised band>- Medium impact support>- Speedwick technology>- Recycled polyblend>- Model wears an S and is 178cm tall
29683,E0E1CAC75310D5GS,hk,4928606,https://zstatichk01-a.akamaihd.net/p/daniel-wellington-8685-6068294-1.jpg,2018-06-11 22:28:25,Daniel Wellington,4830.0,2018-05-23 14:48:07,- Rose gold tone watch with leather strap>- Analogue two-hand Japanese Quartz movement>- Leather strap>- Stainless steel case>- 2 Years Limited Warranty>- Water resistant 3ATM>- Notch indices>- Pin buckle fastening>- Comes with interchangable striped strap
29700,3EC01AAE9DC536GS,hk,4928737,https://zstatichk01-a.akamaihd.net/p/halo-1600-7378294-1.jpg,2018-05-24 11:13:20,Halo,675.0,2018-05-24 11:09:16,- Flared&nbsp;sleeves />- Inner lining />-&nbsp;Side zip fastening
29702,F18C0AA40DB875GS,hk,4928752,https://zstatichk01-a.akamaihd.net/p/halo-9506-2578294-1.jpg,2018-05-24 11:22:03,Halo,675.0,2018-05-24 11:19:02,- Flared&nbsp;sleeves />- Inner lining />-&nbsp;Side zip fastening
29712,31D02AAFD13091GS,hk,4928812,https://zstatichk01-a.akamaihd.net/p/dorothy-perkins-9786-2188294-1.jpg,2018-06-06 11:55:46,Dorothy Perkins,672.0,2018-05-24 16:46:00,- Sleeveless back tie floral maxi dress with side slits>- Unlined>- Round neckline>- Relaxed fit>- Back zip fastening>- Polyester>- Model wears a UK 8 and is 177cm tall
29714,1E8B8AA4EE4730GS,hk,4928822,https://zstatichk01-a.akamaihd.net/p/dorothy-perkins-4269-2288294-1.jpg,2018-06-06 11:55:36,Dorothy Perkins,1768.0,2018-05-24 16:46:02,- Checked rolled hem belted trousers>- High rise>- Regular fit>- Front zip and hook fastening>- Two side pockets>- Polyblend>- Model wears a UK 8 and is 177cm tall
29764,501BBAA30A30BAGS,hk,4929230,https://zstatichk01-a.akamaihd.net/p/pieces-3923-0329294-1.jpg,2018-06-05 12:46:30,Pieces,24.0,2018-05-25 11:29:06,- See-through printed tee>- Crew neckline>- Unlined>- Regular fit>- Polyblend>- Model wears an S and is 173cm tall
29775,58BBFGL9940BFFGS,hk,4929366,https://zstatichk01-a.akamaihd.net/p/emporio-armani-7071-6639294-1.jpg,2018-06-20 21:30:25,Emporio Armani,4603.0,2018-05-25 14:23:30,- Two-toned interchangeable shades>- Propionate frame >- Dark interchangeable lens>- Moulded nose pads>- Slim arms with curved tips>- Comes with carrying pouch
29811,98266AA2FCB267GS,hk,4929681,https://zstatichk01-a.akamaihd.net/p/missguided-7118-1869294-1.jpg,2018-06-08 11:02:53,MISSGUIDED,372.0,2018-05-28 10:59:46,- Lace mini dress>- Unlined>- Square neckline>- Regular fit>- Zip fastening>- Cotton blend>- Model wears a UK 8 and is 177cm tall
29813,6D2C8AAFB6BDE3GS,hk,4929701,https://zstatichk01-a.akamaihd.net/p/missguided-2239-1079294-1.jpg,2018-06-08 13:10:52,MISSGUIDED,1761.0,2018-05-28 10:59:48,- Textured strappy bodycon dress>- V-neckline>- Slim-fit>- Slip-on style>- Sleeveless>- Polyester blend>- Model wears a UK 8 and is 177cm tall
29815,70A49AABC9454AGS,hk,4929713,https://zstatichk01-a.akamaihd.net/p/topshop-3486-3179294-1.jpg,2018-06-11 12:42:25,TOPSHOP,3370.0,2018-05-28 11:19:21,- Bodycon denim dress with spaghetti straps>- Straight neckline>- Unlined>- Zip fastening>- Cotton>- Model wears a UK 8 and is 177cm tall
29905,A1521AAC32E368GS,hk,4930690,https://zstatichk01-a.akamaihd.net/p/ichi-9146-0960394-1.jpg,2018-06-18 09:26:48,ICHI,24.0,2018-05-30 19:33:51,- Short sleeve all over printed top>- Round neckline>- Unlined>- Regular fit>- Slip on style>- Viscose>- Model wears an S and is 176cm tall
29955,AC037AC138F5ADGS,hk,4930978,https://zstatichk01-a.akamaihd.net/p/unisa-2447-8790394-1.jpg,2018-06-06 15:12:04,Unisa,781.0,2018-05-31 11:19:45,- Textued dual hue crossbody bag with tassel detail>- Polyurethane>- Magnetic button and zip fastening>- Lined interior>- 2 main zip compartments>- 1 interior zip pocket>- 1 interior slot>- Detachable and adjustable shoulder strap>- Dimensions: L20.5cm x H17.5cm x W5cm
29968,BB21AAA5E11457GS,hk,4931027,https://zstatichk01-a.akamaihd.net/p/cotton-on-body-7755-7201394-1.jpg,2018-06-11 12:42:29,Cotton On Body,5385.0,2018-05-31 13:09:36,- Ribbed lace hem shorts>- Mid rise>- Regular fit>- Elasticised waistband>- Polyblend>- Model wears an S and is 173cm tall
29972,9964FAAB802065GS,hk,4931044,https://zstatichk01-a.akamaihd.net/p/cotton-on-body-5181-4401394-1.jpg,2018-06-11 12:42:04,Cotton On Body,6746.0,2018-05-31 13:09:37,- Long sleeve textured top with back keyhole design>- Moisture wicking fabric treatment keeps you cool and dry>- Round neckline>- Unlined>- Regular fit>- Polyblend>- Model wears an S and is 173cm tall
29974,FE16AUSC3F3520GS,hk,4931054,https://zstatichk01-a.akamaihd.net/p/cotton-on-body-1868-4501394-1.jpg,2018-06-18 17:01:56,Cotton On Body,5938.0,2018-05-31 13:09:38,- Solid tone lace thongs with scallop side detail>- Mid rise>- Slim fit>- Elasticated waistband fastening>- Polyamide blend>- Model wears an S and is 176cm tall
29976,BC69FAA7F32594GS,hk,4931061,https://zstatichk01-a.akamaihd.net/p/cotton-on-body-6255-1601394-1.jpg,2018-06-11 12:42:36,Cotton On Body,5385.0,2018-05-31 13:09:39,- Lightweight fleece pyjama pants with super-soft finish and cuffed hem>- Mid rise>- Slim fit>- Elasticised waistband with drawcord>- Two side pockets>- Polyblend>- Model wears an S and is 173cm tall
29985,1250BUS0BCC038GS,hk,4931125,https://zstatichk01-a.akamaihd.net/p/cotton-on-body-8667-5211394-1.jpg,2018-06-14 17:29:46,Cotton On Body,5938.0,2018-05-31 13:09:42,- Solid tone lace trim briefs with bow detail>- Mid rise>- Slim fit>- Elasticated waistband fastening>- Polyamide blend
29988,5C2BFAAA631353GS,hk,4931177,https://zstatichk01-a.akamaihd.net/p/mela-london-4383-7711394-1.jpg,2018-06-19 17:20:12,Mela London,674.0,2018-05-31 14:43:35,- Polka dot print mini dress>- V-neckline>- Lined>- Slim fit>- Zip and waist tie fastening>- Polyblend>- Model wears a UK 8 and is 176cm tall
30011,682BDAAD4FB909GS,hk,4931458,https://zstatichk01-a.akamaihd.net/p/boss-9801-8541394-1.jpg,2018-07-05 17:28:45,BOSS,1436.0,2018-05-31 18:33:39,- Embossed brand print short sleeve longline T-shirt >- Crew neckline>- Unlined>- Relaxed fit>- Slip on style>- Cotton>- Model wears an M and is 188cm tall
30016,5C6A8AA6B5E83DGS,hk,4931487,https://zstatichk01-a.akamaihd.net/p/supre-8985-7841394-1.jpg,2018-06-11 12:42:19,Supre,24.0,2018-05-31 18:58:53,- Long sleeve ribbed basic tee>- V-neckline>- Unlined>- Slim fit>- Cotton blend>- Model wears an S and is 173cm tall
33171,19386AACC4AFBAGS,hk,4925022,https://zstatichk01-a.akamaihd.net/p/something-borrowed-8264-2205294-1.jpg,2018-06-26 17:25:41,Something Borrowed,674.0,2018-05-15 01:03:55,- Floral printed maxi dress with striped elasticated waistband and slit hem>- V-neckline>- Lined>- Slim fit>- Zip fastening>- Rayon>- Model wears an S and is 171cm tall
33174,55887AA774551EGS,hk,4925030,https://zstatichk01-a.akamaihd.net/p/something-borrowed-6000-0305294-1.jpg,2018-06-26 20:14:38,Something Borrowed,1761.0,2018-05-15 01:03:56,- Ribbed bodycon dress with O-ring detail>- V neckline>- Unlined>- Slim fit>- Zip fastening>- Cotton>- Model wears an S and is 176cm tall
33184,91AFFAA72CBF3BGS,hk,4925140,https://zstatichk01-a.akamaihd.net/p/zalora-5849-0415294-1.jpg,2018-05-17 18:34:36,ZALORA,672.0,2018-05-15 12:13:25,- Short pleated sleeve floral mini dress>- Unlined>- Round neckline>- Regular fit>- Back button and self tie fastening>- Floral print>- Polyester>- Model wears an S and is 173cm tall
33200,2DC26AAE1AA505GS,hk,4925296,https://zstatichk01-a.akamaihd.net/p/warehouse-2514-6925294-1.jpg,2018-05-24 17:35:12,WAREHOUSE,1769.0,2018-05-15 13:39:25,"- Solid tone cropped cullotte pants with waist tie detail>- High rise>- Unlined>- Regular fit>- Hook, button, zip and waist tie fastening>- 2 front side pockets>- Linen blend>- Model wears a UK 8 and is 174cm tall"
33211,9D1A3AA6BBE5BBGS,hk,4925397,https://zstatichk01-a.akamaihd.net/p/topshop-5128-7935294-1.jpg,2018-05-25 13:59:39,TOPSHOP,1763.0,2018-05-15 16:59:59,- Tie sleeve button down peplum hem top>- V-neckline>- Unlined>- Regular fit>- Front button fastening>- Viscose>- Model wears a UK 10 and is 176cm tall
33219,EFC51AC8E03096GS,hk,4925460,https://zstatichk01-a.akamaihd.net/p/nuveau-4648-0645294-1.jpg,2018-05-24 13:07:05,NUVEAU,783.0,2018-05-15 17:14:25,- Solid tone medium backpack>- Nylon>- Zip fastening>- Lined interior>- 1 exterior front zip pocket>- 1 exterior rear zip pocket>- 1 interior zip pocket>- 2 interior slots>- 2 side slots>- Adjustable shoulder straps>- Dimensions: L27cm x H38cm x W14cm
33243,0AAD0SHB37EEEAGS,hk,4925684,https://zstatichk01-a.akamaihd.net/p/onitsuka-tiger-3582-4865294-1.jpg,2018-10-25 18:42:47,Onitsuka Tiger,413.0,2018-05-15 19:25:05,- Multi-textured eyelet sneakers>- Synthetic leather and textile upper>- Textile insole>- Rubber outsole>- Round toe>- Lace up fastening
33245,C1B15AA30BD13AGS,hk,4925703,https://zstatichk01-a.akamaihd.net/p/indikah-9930-3075294-1.jpg,2018-05-28 12:31:27,INDIKAH,1761.0,2018-05-16 02:08:28,- Sleeveless lace overlay bodycon dress>- Unlined>- V-neckline>- Slim fit>- Back zip fastening>- Polyester>- Model wears a UK 8 and is 174cm tall
33247,84A82AA4EFE520GS,hk,4925738,https://zstatichk01-a.akamaihd.net/p/paper-dolls-6576-8375294-1.jpg,2018-05-23 15:52:17,Paper Dolls,1761.0,2018-05-16 12:05:18,- Multi tone colour block lace pleated bodycon dress>- Round neckline>- Lined>- Slim fit>- Zip fastening>- Polyblend>- Model wears a UK 8 and is 171cm tall
33256,5E753AABF8AFEEGS,hk,4925806,https://zstatichk01-a.akamaihd.net/p/dorothy-perkins-4683-6085294-1.jpg,2018-05-23 15:52:07,Dorothy Perkins,190.0,2018-05-16 12:19:15,- Tropical printed playsuit>- Collared neckline>- Unlined>- Regular fit>- Button fastening>- Waist tie fastening>- Polyseter>- Model wears a UK 8 and is 174cm tall
33257,B8B69AA3D8C83CGS,hk,4925814,https://zstatichk01-a.akamaihd.net/p/dorothy-perkins-6213-4185294-1.jpg,2018-05-24 17:34:49,Dorothy Perkins,672.0,2018-05-16 12:19:15,- Short sleeve tasseled trim shift dress>- Unlined>- Round neckline>- Relaxed fit>- Cotton>- Model wears a UK 8 and is 174cm tall
33264,5145BAA648A5BBGS,hk,4925873,https://zstatichk01-a.akamaihd.net/p/dorothy-perkins-4660-3785294-1.jpg,2018-05-23 15:51:47,Dorothy Perkins,1763.0,2018-05-16 12:19:20,- Ruffled top with embellished pearl>- Off-the-shoulder neckline>- Regular fit>- Elasticized neck>- Short sleeves>- Cotton blend>- Model wears a UK 8 and is 173cm tall
33306,39B1FAABB3C010GS,hk,4926314,https://zstatichk01-a.akamaihd.net/p/j-crew-5496-4136294-1.jpg,2018-05-25 14:00:20,J.Crew,6712.0,2018-05-17 16:02:31,- Solid-toned stretchy shorts>- Medium rise >- Regular fit>- Button &amp; zip fastening>- 4-pocket style>- Belt loops>- Cotton blend>- Model wears a size 32 in and is 188cm tall
33346,9E6F9AA0D91095GS,hk,4926893,https://zstatichk01-a.akamaihd.net/p/river-island-5514-3986294-1.jpg,2018-06-04 12:01:58,River Island,1436.0,2018-05-21 00:39:36,- Solid toned tee with embroidered details>- Round neckline>- Unlined>- Regular fit>- Cottton blend>- Model wears an M and is 188cm tall
33360,34353AABF00494GS,hk,4927063,https://zstatichk01-a.akamaihd.net/p/kleeaisons-5616-3607294-1.jpg,2018-06-04 12:01:56,KLEEaisons,1765.0,2018-05-21 00:44:17,- Denim midi skirt with ripped details>- Unlined>- Regular fit>- Front zip with button fastening>- 5 pockets>- Cotton blend>- Model wears an S and is 177cm tall
33378,1A695AC339D7ADGS,hk,4927286,https://zstatichk01-a.akamaihd.net/p/elli-germany-3052-6827294-1.jpg,2018-05-29 12:24:47,Elli Germany,259.0,2018-05-21 11:17:37,- Flower-shaped gold pendant necklace>- 925 Sterling Silver Gold-Plated>- Lobster clasp fastening>- Non-adjustable length>- Comes with drawstring pouch
33384,58437AC50D62F1GS,hk,4927316,https://zstatichk01-a.akamaihd.net/p/elli-germany-8075-6137294-1.jpg,2018-05-29 12:24:49,Elli Germany,262.0,2018-05-21 11:17:39,- Silver tone wrap ring with three interwoven single rings design>- 925 Sterling Silver>- Slip on>- Non-adjustable
33396,F3937AAE9587A6GS,hk,4927403,https://zstatichk01-a.akamaihd.net/p/cotton-on-1006-3047294-1.jpg,2018-06-18 09:27:06,Cotton On,5977.0,2018-05-21 12:19:13,Drape on outerwear and instantly change your appeal. This number designed by Cotton On features that rodeo inspired silhouette that is enhanced with the denim outlook. Portraying that rugged and masculine appeal with this piece is easy peasy.>>- Cotton>- Regular collar>- Long sleeves>- Front button fastening>- 2 chest pockets with button fastening>- 2 side pockets>- Regular fit>- Unlined>- Model wears an L and is 188cm tall
33416,EC133AAB0E28F3GS,hk,4927515,https://zstatichk01-a.akamaihd.net/p/burton-menswear-london-2165-5157294-1.jpg,2018-06-12 13:52:20,Burton Menswear London,5960.0,2018-05-21 14:43:15,- Solid tone blazer>- Notch collar neckline>- Lined>- Regular fit>- Button fastening>- 2 pocket design>- Polyamide blend>- Model wears an M and is 188cm tall
33424,B39DDAA1EED692GS,hk,4927540,https://zstatichk01-a.akamaihd.net/p/river-island-4104-0457294-1.jpg,2018-06-01 11:51:21,River Island,731.0,2018-05-21 14:49:12,- Floral embroidered tiered top with openwork detail>- Scoop neckline>- Relaxed fit>- Cotton>- Model wears a UK 8 and is 176cm tall
33425,7F2D0AA893B0D4GS,hk,4927553,https://zstatichk01-a.akamaihd.net/p/river-island-8793-3557294-1.jpg,2018-05-31 17:47:43,River Island,731.0,2018-05-21 14:49:13,- Solid toned textured ctop top>- High neckline>- Unlined>- Regular fit>- Cotton>- Model wears a UK 8 and is 176cm tall
33440,4ED32USD49F5DDGS,hk,4927680,https://zstatichk01-a.akamaihd.net/p/abercrombie-fitch-7044-0867294-1.jpg,2018-06-04 15:31:32,Abercrombie & Fitch,879.0,2018-05-21 16:30:24,- Checkered strappy bikini top>- Sizing runs one size larger>- Regular fit>- Self-tie back straps>- Padded cups with underwire>- Nylon blend>- Model wears an S and is 176cm tall
33445,2E815AA5E490AAGS,hk,4927706,https://zstatichk01-a.akamaihd.net/p/free-people-2510-6077294-1.jpg,2018-05-28 12:31:44,Free People,5968.0,2018-05-21 16:30:40,- Solid toned oversized sweatshirt>- Crew neckline>- Unlined>- Regular fit>- Cotton blend>- Model wears an S and is 171cm tall
33456,25954AAD8070A6GS,hk,4927774,https://zstatichk01-a.akamaihd.net/p/dorothy-perkins-8787-4777294-1.jpg,2018-05-31 17:47:53,Dorothy Perkins,731.0,2018-05-21 16:45:45,- Solid tone sleeveless top with front keyhole detail>- Standard collared neckline>- Unlined>- Regular fit>- Back button fastening>- Polyblend>- Model wears a UK 8 and is 177cm tall
33457,B83A1AAE10E850GS,hk,4927775,https://zstatichk01-a.akamaihd.net/p/dorothy-perkins-7170-5777294-1.jpg,2018-05-31 17:47:45,Dorothy Perkins,1763.0,2018-05-21 16:45:45,- Solid-toned curved flowy top>- Round neckline>- Regular fit>- Back button fastening>- Sleeveless>- Keyhole back>- Polyester>- Model wears a UK 8 and is 171cm tall
33462,47165AAA521A43GS,hk,4927801,https://zstatichk01-a.akamaihd.net/p/dorothy-perkins-0178-1087294-1.jpg,2018-05-31 17:48:05,Dorothy Perkins,674.0,2018-05-21 16:45:48,- Floral printed maxi dress waist tie sash>- Unlined>- Round neckline>- Regular fit>- Viscose blend>- Model wears a UK 8 and is 176cm tall
33472,0BD62AAACF3DF8GS,hk,4927869,https://zstatichk01-a.akamaihd.net/p/dorothy-perkins-3208-9687294-1.jpg,2018-05-31 17:47:50,Dorothy Perkins,5351.0,2018-05-21 16:45:53,- Maternity mini dress with striped on sleeved details>- Unlined>- Round neckline>- Regular fit>- Viscose blend>- Model wears a UK 8 and is 176cm tall
33535,F24B7US42B5BC4GS,hk,4928467,https://zstatichk01-a.akamaihd.net/p/reebok-9263-7648294-1.jpg,2018-08-13 18:42:20,Reebok,6746.0,2018-05-23 10:41:51,- Monochrome training sports bra>- Speedwick technology wicks sweat away from the body&nbsp;>- Forward side seams for additional stability and support>- V-neckline>- Slim fit>- Slip-on style>- Removable padded cups>- Sleeveless>- Recycled polyester blend>- Model wears an S and is 173cm tall
33549,C34FCAA7736C01GS,hk,4928591,https://zstatichk01-a.akamaihd.net/p/goddiva-2277-1958294-1.jpg,2018-06-01 11:51:17,Goddiva,674.0,2018-05-23 14:39:28,- Solid tone lace mini dress with multiple strap detail>- Lined>- V neckline>- Regular fit>- Slip on style>- Polyester>- Model wears a UK 8 and is 177cm tall
33591,1E24BAA256BAADGS,hk,4928874,https://zstatichk01-a.akamaihd.net/p/dorothy-perkins-3549-4788294-1.jpg,2018-06-07 14:12:50,Dorothy Perkins,3370.0,2018-05-24 16:46:07,- Maxi dress with floral print>- V-neckline>- Regular fit>- Back zip fastening>- Self-tie waist closure>- Sleeveless>- Side hem splits>- Viscose>- Model wears a UK 8 and is 177cm tall
33593,35293AA7FE0895GS,hk,4928928,https://zstatichk01-a.akamaihd.net/p/dorothy-perkins-9622-8298294-1.jpg,2018-06-06 11:55:35,Dorothy Perkins,17.0,2018-05-24 16:46:14,- Bleached denim floral embroidery shorts>- Mid rise>- Regular fit>- Front zip and button fastening>- Five-pocket design>- Cotton blend>- Model wears a UK 6 and is 177cm tall
33615,F0622AA2F9F8F6GS,hk,4929128,https://zstatichk01-a.akamaihd.net/p/only-7906-8219294-1.jpg,2018-06-05 12:46:15,ONLY,24.0,2018-05-25 11:28:57,- Metallic motif knotted hem top>- Round neckline>- Unlined>- Relaxed fit>- Cotton>- Model wears an S and is 176cm tall
33616,A99B5AAB042610GS,hk,4929136,https://zstatichk01-a.akamaihd.net/p/only-8647-6319294-1.jpg,2018-06-04 12:01:40,ONLY,672.0,2018-05-25 11:28:58,- Graphic print maxi tank dress>- Round neckline>- Regular fit>- Cotton blend>- Model wears an S and is 177cm tall
33624,8CFC7AA0858162GS,hk,4929245,https://zstatichk01-a.akamaihd.net/p/jack-jones-9813-5429294-1.jpg,2018-06-06 11:55:50,Jack & Jones,1437.0,2018-05-25 11:29:07,- Stripe printed t-shirt>- Round neckline>- Unlined>- Regular fit>- Cotton blend>- Model wears an M and is 188cm tall
33678,7EDE9AA047CE45GS,hk,4929698,https://zstatichk01-a.akamaihd.net/p/missguided-6832-8969294-1.jpg,2018-06-08 13:10:51,MISSGUIDED,731.0,2018-05-28 10:59:48,- Printed cami top with front tie details>- Low neckline>- Unlined>- Regular fit>- Self tie fastening>- Polyester>- Model wears a UK 8 and is 177cm tall
33679,728E3SHAF457ADGS,hk,4929710,https://zstatichk01-a.akamaihd.net/p/topshop-8251-0179294-1.jpg,2018-06-12 11:27:12,TOPSHOP,386.0,2018-05-28 11:19:21,- Solid toned cross sliders>- Synthetic upper>- Sheep leather and synthetic insole>- Synthetic outsole>- Slip on style
33683,6D618AA91E1E7AGS,hk,4929717,https://zstatichk01-a.akamaihd.net/p/topshop-0987-7179294-1.jpg,2018-06-11 12:42:29,TOPSHOP,5935.0,2018-05-28 11:19:22,- Knitted bralette>- V neckline>- Unlined>- Slim fit>- Cotton blend>- Model wears a UK 8 and is 177cm tall
33685,C6690SH94FCA95GS,hk,4929742,https://zstatichk01-a.akamaihd.net/p/topshop-9066-2479294-1.jpg,2018-06-11 15:10:27,TOPSHOP,386.0,2018-05-28 11:19:23,- Printed woven crossover strap sandals with frayed hem detail>- Textile upper>- Synthetic insole>- Synthetic outsole>- Slip on style
33690,3D334SH8DE811BGS,hk,4929767,https://zstatichk01-a.akamaihd.net/p/topshop-6286-7679294-1.jpg,2018-06-11 15:10:26,TOPSHOP,12.0,2018-05-28 11:19:25,- Monochrome lace up trainers>- Suede cow leather and textile upper>- Textile insole>- Rubber outsole>- Lace up fastening>- Round toe
33725,C1B3EAADBEAFE5GS,hk,4930059,https://zstatichk01-a.akamaihd.net/p/envie-de-fraise-5329-9500394-1.jpg,2018-06-08 11:02:45,Envie De Fraise,5351.0,2018-05-28 17:15:15,- Solid tone ruched dress with glitter strap detail>- Includes nursing function>- V-neckline>- Unlined>- Slim fit>- Viscose blend>- Model wears a size 36 and is 177cm tall
33727,B2FE3AA9E377ACGS,hk,4930065,https://zstatichk01-a.akamaihd.net/p/envie-de-fraise-0681-5600394-1.jpg,2018-06-11 12:42:21,Envie De Fraise,5351.0,2018-05-28 17:15:15,- Solid tone ruched dress with glitter strap detail>- Includes nursing function>- V-neckline>- Unlined>- Slim fit>- Viscose blend>- Model wears a size 36 and is 175cm tall
33731,A5B18AAB3FEE28GS,hk,4930079,https://zstatichk01-a.akamaihd.net/p/envie-de-fraise-2258-9700394-1.jpg,2018-06-08 11:02:47,Envie De Fraise,5386.0,2018-05-28 17:15:17,- Polka dot cross wrap detail nightie>- Includes nursing function>- Wrap neckline>- Slim fit>- Viscose blend>- Model wears a size 36 and is 177cm tall
33749,6C605AC43C5508GS,hk,4930233,https://zstatichk01-a.akamaihd.net/p/nuveau-2236-3320394-1.jpg,2018-06-08 16:21:20,NUVEAU,4830.0,2018-05-30 10:49:21,- Medium face faux leather strap watch>- Triple hand movement>- Synthetic leather strap>- Stainless steel case>- Notch indices>- Pin buckle
33781,5CA85AA1E40C06GS,hk,4930486,https://zstatichk01-a.akamaihd.net/p/elvi-3302-6840394-1.jpg,2018-06-22 16:53:33,ELVI,5350.0,2018-05-30 16:24:41,- Cold shoulder ruched bodice leaf print dress with puffed sleeves>- Lined>- V-neckline>- Relaxed fit>- Back zip fastening>- Polyester>- Model wears a UK 18 and is 170cm tall
33790,C8AC2AA1416D45GS,hk,4930634,https://zstatichk01-a.akamaihd.net/p/river-island-1539-4360394-1.jpg,2018-06-25 10:49:55,River Island,2116.0,2018-05-30 19:21:11,- Solid tone ripped jeggings>- High rise>- Skinny fit>- Button and zip fastening>- 5 pocket design>- Cotton blend>- Model wears a UK 10R and is 176cm tall
33813,68391AA424B99BGS,hk,4930772,https://zstatichk01-a.akamaihd.net/p/ichi-3276-2770394-1.jpg,2018-06-18 09:26:38,ICHI,420.0,2018-05-30 19:33:56,- Solid tone wrap mini skirt>- Unlined>- Mid rise>- Regular fit>- Elasticised waistband>- :Polyblend>- Model wears an S and is 176cm tall
33821,4A7CAAAAE690EDGS,hk,4930819,https://zstatichk01-a.akamaihd.net/p/ichi-1928-9180394-1.jpg,2018-06-18 09:26:30,ICHI,1765.0,2018-05-30 19:34:00,- Denim midi skirt>- Unlined>- Regular fit>- Front zip with button fastening>- 5 pockets>- Cotton>- Model wears a size 34 and is 176cm tall
33826,34370AAD5DE86FGS,hk,4930831,https://zstatichk01-a.akamaihd.net/p/ichi-8890-1380394-1.jpg,2018-06-12 13:52:24,ICHI,672.0,2018-05-30 19:34:02,- Stripe printed cold shoulder dress>- Straight neckline>- Unlined>- Regular fit>- Waist tie>- Viscose>- Model wears an S and is 177cm tall
33859,B20F8AAA259655GS,hk,4931037,https://zstatichk01-a.akamaihd.net/p/cotton-on-body-5261-7301394-1.jpg,2018-06-11 12:42:04,Cotton On Body,6746.0,2018-05-31 13:09:37,"Run to your heart's desire or simply take a hike with these durable tights by Cotton On Body. Crafted from soft polyamide blend with stretchy features, there is no longer a reason for you not to get on the fast lane and start being active.>>- Polyamide blend>- Elasticised waistband>- Inner drawcord fastening>- Super soft 4-way stretch>- Flatlocked seams for added comfort>- Moisture wicking to keep you cool and dry>- Interior waistband pocket>- Slim fit>- Unlined>- Model wears an S and is 173cm tall"
33903,EED6CAA6CA5064GS,hk,4931496,https://zstatichk01-a.akamaihd.net/p/tfnc-4654-6941394-1.jpg,2018-06-18 17:00:54,TFNC,1762.0,2018-05-31 22:01:30,- Chiffon midi dress>- Halter neckline>- Lined>- Regular fit>- Zip and self tie fastening>- Polyester>- Model wears an S and is 173cm tall
49080,920B5AA910FBF1GS,hk,4984855,https://zstatichk01-a.akamaihd.net/p/zalora-7392-5584894-1.jpg,2018-10-29 18:01:26,ZALORA,1763.0,2018-09-03 11:59:51,- Solid tone sleeveless blouse with perforated ruffle detail>- Round neckline>- Unlined>- Regular fit>- Back button fastening>- Polyblend>- Model wears an S and is 172cm tall
